k,recall,ancestral_recall,precision,reduction_rate,n_nodes,density,dataset
1,0.21739130434782608,0.1,0.4,0.957983193277311,35,0.0387,mildew
7,0.6956521739130435,0.1,0.2064516129032258,0.7394957983193278,35,0.0387,mildew
13,0.8695652173913043,0.1,0.14184397163120568,0.5260504201680672,35,0.0387,mildew
19,0.9782608695652174,0.1,0.11508951406649616,0.34285714285714286,35,0.0387,mildew
25,1.0,0.1,0.09181636726546906,0.15798319327731092,35,0.0387,mildew
31,1.0,0.1,0.08041958041958042,0.03865546218487395,35,0.0387,mildew
1,0.30434782608695654,0.1,0.5,0.9579579579579579,37,0.0345,alarm
7,0.782608695652174,0.1,0.21951219512195122,0.7537537537537538,37,0.0345,alarm
13,0.9347826086956522,0.1,0.14576271186440679,0.5570570570570571,37,0.0345,alarm
19,1.0,0.1,0.1108433734939759,0.3768768768768769,37,0.0345,alarm
25,1.0,0.1,0.08646616541353383,0.2012012012012012,37,0.0345,alarm
31,1.0,0.1,0.0733652312599681,0.05855855855855856,37,0.0345,alarm
1,0.09523809523809523,0.1,0.21052631578947367,0.9663120567375887,48,0.0372,barley
7,0.42857142857142855,0.1,0.16216216216216217,0.8031914893617021,48,0.0372,barley
13,0.6666666666666666,0.1,0.13592233009708737,0.6347517730496454,48,0.0372,barley
19,0.7619047619047619,0.1,0.10865874363327674,0.4778368794326241,48,0.0372,barley
25,0.8095238095238095,0.1,0.09090909090909091,0.33687943262411346,48,0.0372,barley
31,0.8809523809523809,0.1,0.08295964125560538,0.20921985815602837,48,0.0372,barley
37,0.9047619047619048,0.1,0.0745829244357213,0.09663120567375887,48,0.0372,barley
43,0.9642857142857143,0.1,0.07343608340888486,0.022163120567375887,48,0.0372,barley
1,0.10569105691056911,0.1,0.26,0.979296066252588,70,0.0255,hepar2
7,0.35772357723577236,0.1,0.13580246913580246,0.8658385093167702,70,0.0255,hepar2
13,0.4959349593495935,0.1,0.1020066889632107,0.7523809523809524,70,0.0255,hepar2
19,0.6016260162601627,0.1,0.08554913294797688,0.6418219461697723,70,0.0255,hepar2
25,0.7073170731707317,0.1,0.07712765957446809,0.5329192546583851,70,0.0255,hepar2
31,0.8373983739837398,0.1,0.07485465116279069,0.43022774327122154,70,0.0255,hepar2
37,0.8943089430894309,0.1,0.06828057107386716,0.33291925465838507,70,0.0255,hepar2
43,0.926829268292683,0.1,0.06212534059945504,0.2401656314699793,70,0.0255,hepar2
49,0.9512195121951219,0.1,0.057863501483679525,0.16273291925465838,70,0.0255,hepar2
55,0.991869918699187,0.1,0.055835240274599546,0.09523809523809523,70,0.0255,hepar2
61,1.0,0.1,0.05290322580645161,0.037267080745341616,70,0.0255,hepar2
67,1.0,0.1,0.051143451143451146,0.004140786749482402,70,0.0255,hepar2
1,0.09821428571428571,0.1,0.2,0.980701754385965,76,0.0196,win95pts
7,0.2857142857142857,0.1,0.09090909090909091,0.8764912280701754,76,0.0196,win95pts
13,0.4375,0.1,0.0768025078369906,0.776140350877193,76,0.0196,win95pts
19,0.5357142857142857,0.1,0.06615214994487321,0.6817543859649123,76,0.0196,win95pts
25,0.6428571428571429,0.1,0.061224489795918366,0.5873684210526315,76,0.0196,win95pts
31,0.7142857142857143,0.1,0.05578800557880056,0.4968421052631579,76,0.0196,win95pts
37,0.7589285714285714,0.1,0.05029585798816568,0.4070175438596491,76,0.0196,win95pts
43,0.8571428571428571,0.1,0.0495611770779556,0.32035087719298244,76,0.0196,win95pts
49,0.9196428571428571,0.1,0.047465437788018434,0.23859649122807017,76,0.0196,win95pts
55,0.9285714285714286,0.1,0.043532858936793636,0.1617543859649123,76,0.0196,win95pts
61,0.9553571428571429,0.1,0.041505042668735455,0.09543859649122807,76,0.0196,win95pts
67,0.9821428571428571,0.1,0.0402046783625731,0.04,76,0.0196,win95pts
73,0.9910714285714286,0.1,0.03912583715192104,0.004561403508771929,76,0.0196,win95pts
1,0.053156146179401995,0.1,0.10526315789473684,0.9964268083405816,413,0.0035,diabetes
7,0.16777408637873753,0.1,0.05456509994597515,0.9782434942053174,413,0.0035,diabetes
13,0.27906976744186046,0.1,0.05067873303167421,0.9610357554244341,413,0.0035,diabetes
19,0.420265780730897,0.1,0.05463182897862233,0.9455675967935306,413,0.0035,diabetes
25,0.5681063122923588,0.1,0.058833648718389815,0.9316744634335551,413,0.0035,diabetes
31,0.6960132890365448,0.1,0.05698354413164695,0.913573426737817,413,0.0035,diabetes
37,0.7524916943521595,0.1,0.050428587331626404,0.8944145372481722,413,0.0035,diabetes
43,0.7873754152823921,0.1,0.044582392776523705,0.8750323232798138,413,0.0035,diabetes
49,0.8338870431893688,0.1,0.040926137290070115,0.8558264181104398,413,0.0035,diabetes
55,0.8438538205980066,0.1,0.03625463888095918,0.8353040739086486,413,0.0035,diabetes
61,0.8538205980066446,0.1,0.03254812563323202,0.8143820964291592,413,0.0035,diabetes
67,0.8820598006644518,0.1,0.030263307876439074,0.7937657208679094,413,0.0035,diabetes
73,0.9003322259136213,0.1,0.028074173831969335,0.773078821787066,413,0.0035,diabetes
79,0.9235880398671097,0.1,0.026343219937458542,0.7519217659089307,413,0.0035,diabetes
85,0.9418604651162791,0.1,0.024793388429752067,0.7311996050682903,413,0.0035,diabetes
91,0.9584717607973422,0.1,0.023439086809928098,0.7106537530266344,413,0.0035,diabetes
97,0.9667774086378738,0.1,0.022120025844703736,0.6907426126613225,413,0.0035,diabetes
103,0.973421926910299,0.1,0.02094727435210009,0.6711840898939796,413,0.0035,diabetes
109,0.9767441860465116,0.1,0.019832703723691312,0.651519781847246,413,0.0035,diabetes
115,0.9817275747508306,0.1,0.018882392408703152,0.632114060039023,413,0.0035,diabetes
121,0.9833887043189369,0.1,0.01797316169773514,0.6128493852699876,413,0.0035,diabetes
127,0.9850498338870431,0.1,0.017151120751988432,0.5936082183408167,413,0.0035,diabetes
133,0.9900332225913622,0.1,0.016469547916436386,0.5746491454900209,413,0.0035,diabetes
139,0.9933554817275747,0.1,0.01582387340901273,0.5558076118385482,413,0.0035,diabetes
145,0.9950166112956811,0.1,0.015205747213972026,0.5369778321070077,413,0.0035,diabetes
151,0.9966777408637874,0.1,0.014637002341920375,0.5181833141352641,413,0.0035,diabetes
157,0.9966777408637874,0.1,0.01409377055341539,0.4996121206422342,413,0.0035,diabetes
163,0.9966777408637874,0.1,0.013590957482954674,0.48109969674886577,413,0.0035,diabetes
169,0.9966777408637874,0.1,0.013131401558259651,0.46293989045346623,413,0.0035,diabetes
175,0.9983388704318937,0.1,0.01271957671957672,0.44462728319894684,413,0.0035,diabetes
181,0.9983388704318937,0.1,0.012326182370072604,0.42690237194104236,413,0.0035,diabetes
187,0.9983388704318937,0.1,0.011953300582748265,0.40902465972401797,413,0.0035,diabetes
193,0.9983388704318937,0.1,0.011606573839825418,0.39137027198570723,413,0.0035,diabetes
199,0.9983388704318937,0.1,0.011291898391702991,0.37440936552340204,413,0.0035,diabetes
205,0.9983388704318937,0.1,0.01099665160192487,0.35761301394014905,413,0.0035,diabetes
211,0.9983388704318937,0.1,0.010717597546187316,0.3408871858764898,413,0.0035,diabetes
217,0.9983388704318937,0.1,0.010457812037794289,0.3245139754107995,413,0.0035,diabetes
223,0.9983388704318937,0.1,0.010219524222482953,0.30876372270152097,413,0.0035,diabetes
229,0.9983388704318937,0.1,0.009988698311394761,0.2927901455135288,413,0.0035,diabetes
235,1.0,0.1,0.009793873135178226,0.27752180352147443,413,0.0035,diabetes
241,1.0,0.1,0.00958965209634255,0.2621359223300971,413,0.0035,diabetes
247,1.0,0.1,0.0093923082923785,0.2466325019393968,413,0.0035,diabetes
253,1.0,0.1,0.009214896906427466,0.23212816474294176,413,0.0035,diabetes
259,1.0,0.1,0.009049501676112022,0.21809398434377866,413,0.0035,diabetes
265,1.0,0.1,0.008892696761994801,0.20430663626319379,413,0.0035,diabetes
271,1.0,0.1,0.00874085259612034,0.190484026422812,413,0.0035,diabetes
277,1.0,0.1,0.00860356433379543,0.17756646841721715,413,0.0035,diabetes
283,1.0,0.1,0.00847600810993467,0.16518959072850795,413,0.0035,diabetes
289,1.0,0.1,0.008357048656902894,0.15330637767695526,413,0.0035,diabetes
295,1.0,0.1,0.008244542441589744,0.1417522743835069,413,0.0035,diabetes
301,1.0,0.1,0.008137444409900108,0.13045675732856907,413,0.0035,diabetes
307,1.0,0.1,0.00803169986524889,0.11900843931451138,413,0.0035,diabetes
313,1.0,0.1,0.007933474782883726,0.10810080161733938,413,0.0035,diabetes
319,1.0,0.1,0.007841502650740514,0.09763981287759468,413,0.0035,diabetes
325,1.0,0.1,0.007754034802993418,0.0874609182162251,413,0.0035,diabetes
331,1.0,0.1,0.0076731884519788416,0.07784621171160581,413,0.0035,diabetes
337,1.0,0.1,0.00759506446973329,0.0683607983262418,413,0.0035,diabetes
343,1.0,0.1,0.007526411202100394,0.059862714215190765,413,0.0035,diabetes
349,1.0,0.1,0.0074603745058431335,0.051540938903124195,413,0.0035,diabetes
355,1.0,0.1,0.0073983949661418965,0.043595289028891135,413,0.0035,diabetes
361,1.0,0.1,0.007341105311936003,0.036131549871882274,413,0.0035,diabetes
367,1.0,0.1,0.007288753284176625,0.02920849103175909,413,0.0035,diabetes
373,1.0,0.1,0.007240537387392805,0.02274383506899551,413,0.0035,diabetes
379,1.0,0.1,0.007194760493355005,0.016526011424810173,413,0.0035,diabetes
385,1.0,0.1,0.007156528251643505,0.011272009215073226,413,0.0035,diabetes
391,1.0,0.1,0.0071270436975386835,0.007181645078633724,413,0.0035,diabetes
397,1.0,0.1,0.007103580109975692,0.0039023014175227438,413,0.0035,diabetes
403,1.0,0.1,0.007087355780550977,0.0016220409506570441,413,0.0035,diabetes
409,1.0,0.1,0.007077440364923171,0.000223324478713651,413,0.0035,diabetes
1,0.09866666666666667,0.1,0.24288840262582057,0.9982538991158693,724,0.0021,link
7,0.4142222222222222,0.1,0.13709914680788468,0.9870131358749227,724,0.0021,link
13,0.512,0.1,0.09177820267686425,0.9760207239632287,724,0.0021,link
19,0.576,0.1,0.06998595960686899,0.9646233083453688,724,0.0021,link
25,0.616,0.1,0.05683122847301952,0.9534092906321878,724,0.0021,link
31,0.648,0.1,0.04817923468376181,0.9421876313396452,724,0.0021,link
37,0.6684444444444444,0.1,0.04150110375275938,0.9307672909837005,724,0.0021,link
43,0.6871111111111111,0.1,0.03668026952643067,0.9194806782665841,724,0.0021,link
49,0.704,0.1,0.033104831967898346,0.9085914276762721,724,0.0021,link
55,0.7208888888888889,0.1,0.030236373126537916,0.8975187791812812,724,0.0021,link
61,0.7333333333333333,0.1,0.02778058389736337,0.886534008848949,724,0.0021,link
67,0.7484444444444445,0.1,0.025883003903968523,0.8757058908935299,724,0.0021,link
73,0.7573333333333333,0.1,0.02411616519007048,0.8650153213666201,724,0.0021,link
79,0.7688888888888888,0.1,0.022697454736289688,0.854389705264284,724,0.0021,link
85,0.7813333333333333,0.1,0.021497749951085894,0.8437755515309904,724,0.0021,link
91,0.7955555555555556,0.1,0.020504948680351905,0.8332301720119514,724,0.0021,link
97,0.8035555555555556,0.1,0.019480659411701327,0.8226962548619549,724,0.0021,link
103,0.8106666666666666,0.1,0.018528300353500466,0.8119330903311096,724,0.0021,link
109,0.8204444444444444,0.1,0.017749317333948696,0.8013112950184544,724,0.0021,link
115,0.824,0.1,0.016892015015124457,0.7903227038964413,724,0.0021,link
121,0.8266666666666667,0.1,0.016109754196331132,0.7794296325164485,724,0.0021,link
127,0.8337777777777777,0.1,0.015484680401479134,0.768551844295179,724,0.0021,link
133,0.8382222222222222,0.1,0.014879214857124824,0.7578498123992267,724,0.0021,link
139,0.8426666666666667,0.1,0.01432803337162203,0.7472012715588058,724,0.0021,link
145,0.8462222222222222,0.1,0.0138095099944878,0.7366024009842355,724,0.0021,link
151,0.8515555555555555,0.1,0.013355453011947415,0.7259309354057296,724,0.0021,link
157,0.8542222222222222,0.1,0.012909899380700977,0.7155842369500929,724,0.0021,link
163,0.8604444444444445,0.1,0.01255072802001893,0.7053139542880723,724,0.0021,link
169,0.8648888888888889,0.1,0.012193899290673485,0.6951239082093487,724,0.0021,link
175,0.8684444444444445,0.1,0.011845583064574795,0.6848689087060513,724,0.0021,link
181,0.872,0.1,0.011525853864862007,0.6748011278971138,724,0.0021,link
187,0.8764444444444445,0.1,0.011224571109820931,0.6643703720684991,724,0.0021,link
193,0.8808888888888889,0.1,0.010946768438842801,0.6541077309858402,724,0.0021,link
199,0.8871111111111111,0.1,0.010705282917672298,0.643806882006373,724,0.0021,link
205,0.8906666666666667,0.1,0.010449691306524279,0.6336321190863727,724,0.0021,link
211,0.8968888888888888,0.1,0.010235134202998519,0.6233389116862673,724,0.0021,link
217,0.9022222222222223,0.1,0.010025186428959455,0.613164148766267,724,0.0021,link
223,0.9084444444444445,0.1,0.009840548451702357,0.6031880669096689,724,0.0021,link
229,0.9137777777777778,0.1,0.009653397939731996,0.5931202861007313,724,0.0021,link
235,0.9182222222222223,0.1,0.00946915877570102,0.5831862329306221,724,0.0021,link
241,0.9244444444444444,0.1,0.009312154151967192,0.5732865668676402,724,0.0021,link
247,0.9288888888888889,0.1,0.009144607306935025,0.5633792592252966,724,0.0021,link
253,0.9351111111111111,0.1,0.009005307310392056,0.5536553494876321,724,0.0021,link
259,0.9386666666666666,0.1,0.008846962626609585,0.5439390813293291,724,0.0021,link
265,0.9404444444444444,0.1,0.0086800285505665,0.5342877665956,724,0.0021,link
271,0.9448888888888889,0.1,0.008547970761597658,0.5248580576633579,724,0.0021,link
277,0.9502222222222222,0.1,0.008424752537671018,0.5151876389812247,724,0.0021,link
283,0.952,0.1,0.008279412787866139,0.5057541092593018,724,0.0021,link
289,0.9555555555555556,0.1,0.008152153305982544,0.49616392716046553,724,0.0021,link
295,0.9591111111111111,0.1,0.008030604118754699,0.4866348776965223,724,0.0021,link
301,0.9626666666666667,0.1,0.007910710503056908,0.47692243032790016,724,0.0021,link
307,0.9671111111111111,0.1,0.00780476607222278,0.4673742769155529,724,0.0021,link
313,0.9697777777777777,0.1,0.007686617113467432,0.4576962166540581,724,0.0021,link
319,0.9724444444444444,0.1,0.007572296745435165,0.44799523165447835,724,0.0021,link
325,0.976,0.1,0.007471014098307115,0.4384661821905351,724,0.0021,link
331,0.9768888888888889,0.1,0.007350678884355561,0.428753734821913,724,0.0021,link
337,0.9786666666666667,0.1,0.007240182023831444,0.41898015481839784,724,0.0021,link
343,0.9786666666666667,0.1,0.007121512011487562,0.4092982737672222,724,0.0021,link
349,0.9804444444444445,0.1,0.007020871657447662,0.39974247877551333,724,0.0021,link
355,0.9848888888888889,0.1,0.006940659863817739,0.39005295614497604,724,0.0021,link
361,0.9848888888888889,0.1,0.006832757770103602,0.3804207453596509,724,0.0021,link
367,0.9857777777777778,0.1,0.006734926881406986,0.3708534879988996,724,0.0021,link
373,0.9857777777777778,0.1,0.006634838586163161,0.3613626464317645,724,0.0021,link
379,0.9875555555555555,0.1,0.006549857919373666,0.3519100127614375,724,0.0021,link
385,0.9884444444444445,0.1,0.006464439767931263,0.34275540068621385,724,0.0021,link
391,0.9902222222222222,0.1,0.006387578052878137,0.33365045887684064,724,0.0021,link
397,0.9902222222222222,0.1,0.006302616094867384,0.32466778233725346,724,0.0021,link
403,0.9911111111111112,0.1,0.006227797761344087,0.3159410987062806,724,0.0021,link
409,0.992,0.1,0.006155000110304661,0.307229698234031,724,0.0021,link
415,0.9928888888888889,0.1,0.006084772815174345,0.29860617592444005,724,0.0021,link
421,0.9928888888888889,0.1,0.0060101909594244855,0.28990241703155206,724,0.0021,link
427,0.9928888888888889,0.1,0.005939183189506202,0.2814126223607895,724,0.0021,link
433,0.9937777777777778,0.1,0.005874810828989406,0.2728884405828997,724,0.0021,link
439,0.9946666666666667,0.1,0.005812624667553191,0.2644521369676685,724,0.0021,link
445,0.9946666666666667,0.1,0.005748159715622769,0.25620305204679705,724,0.0021,link
451,0.9946666666666667,0.1,0.005686293441198441,0.24811061950283886,724,0.0021,link
457,0.9946666666666667,0.1,0.005623737297590688,0.23974691089154307,724,0.0021,link
463,0.9946666666666667,0.1,0.005563953141470594,0.23157806255396865,724,0.0021,link
469,0.9946666666666667,0.1,0.005507106578999174,0.22364610317660455,724,0.0021,link
475,0.9964444444444445,0.1,0.005460301997077447,0.21559187852945447,724,0.0021,link
481,0.9964444444444445,0.1,0.0054063699673978045,0.20776690126315306,724,0.0021,link
487,0.9964444444444445,0.1,0.005353160561389434,0.1998922537310011,724,0.0021,link
493,0.9964444444444445,0.1,0.005301690298048637,0.1921245883099119,724,0.0021,link
499,0.9973333333333333,0.1,0.005256820513781584,0.1845021128966935,724,0.0021,link
505,0.9982222222222222,0.1,0.00521404030086359,0.17707831854687728,724,0.0021,link
511,0.9982222222222222,0.1,0.005167899200655306,0.16973093999067726,724,0.0021,link
517,0.9982222222222222,0.1,0.0051229882121090475,0.16245233564873188,724,0.0021,link
523,0.9982222222222222,0.1,0.005078851085191734,0.1551737313067865,724,0.0021,link
529,0.9982222222222222,0.1,0.005036574591086653,0.14808234565920084,724,0.0021,link
535,0.9982222222222222,0.1,0.004995329389262043,0.14104827185682736,724,0.0021,link
541,0.9982222222222222,0.1,0.004955016568198765,0.13406004753062362,724,0.0021,link
547,0.9991111111111111,0.1,0.004920867718845085,0.12727432505750289,724,0.0021,link
553,0.9991111111111111,0.1,0.004884132219194987,0.1207102083858692,724,0.0021,link
559,0.9991111111111111,0.1,0.004848212976302418,0.11419576198008605,724,0.0021,link
565,0.9991111111111111,0.1,0.004813127333767257,0.10773862741951507,724,0.0021,link
571,0.9991111111111111,0.1,0.004779704117604535,0.10149927787075033,724,0.0021,link
577,0.9991111111111111,0.1,0.004747303244553695,0.0953669104330483,724,0.0021,link
583,1.0,0.1,0.004719890246818794,0.08930331720960089,724,0.0021,link
589,1.0,0.1,0.004690372853372691,0.08357213268838404,724,0.0021,link
595,1.0,0.1,0.004661396181384248,0.0778753352742945,724,0.0021,link
601,1.0,0.1,0.004633328665683715,0.07228934076094848,724,0.0021,link
607,1.0,0.1,0.004606596646397641,0.06690584810068545,724,0.0021,link
613,1.0,0.1,0.004580917323604144,0.06167518702765488,724,0.0021,link
619,1.0,0.1,0.004555467370705712,0.056433063585581866,724,0.0021,link
625,1.0,0.1,0.0045317768190552155,0.05150042410765457,724,0.0021,link
631,1.0,0.1,0.004508981891928722,0.04670533305823647,724,0.0021,link
637,1.0,0.1,0.004487220396311305,0.04208217754445489,724,0.0021,link
643,1.0,0.1,0.004465543863548857,0.03743227650290762,724,0.0021,link
649,1.0,0.1,0.004445146887409369,0.03301544363188984,724,0.0021,link
655,1.0,0.1,0.004426101804275811,0.02885460366948641,724,0.0021,link
661,1.0,0.1,0.0044076854362237305,0.024796925028464884,724,0.0021,link
667,1.0,0.1,0.004389592957922337,0.02077745428425147,724,0.0021,link
673,1.0,0.1,0.00437334784636915,0.01714006250811918,724,0.0021,link
679,1.0,0.1,0.004358708117657998,0.013838900223898276,724,0.0021,link
685,1.0,0.1,0.004345105672969966,0.010751702161802802,724,0.0021,link
691,1.0,0.1,0.004333139465463915,0.008019837540022771,724,0.0021,link
697,1.0,0.1,0.0043232483158546,0.005750288469620901,724,0.0021,link
703,1.0,0.1,0.004314742227711,0.0037902233633647403,724,0.0021,link
709,1.0,0.1,0.004307456686129989,0.0021052551141269877,724,0.0021,link
715,1.0,0.1,0.004301872939880848,0.0008100074123319808,724,0.0021,link
721,1.0,0.1,0.0042987333065856595,8.023658329703583e-05,724,0.0021,link
1,0.16177523264137436,0.1,0.3348148148148148,0.9987530481046332,1041,0.0013,munin
7,0.4302075876879026,0.1,0.1314235731467308,0.9915521318259071,1041,0.0013,munin
13,0.5397279885468862,0.1,0.08721804511278196,0.9840297790585975,1041,0.0013,munin
19,0.6220472440944882,0.1,0.06770549279314375,0.9762894406266164,1041,0.0013,munin
25,0.6857551896921976,0.1,0.056379472693032014,0.9686100642872977,1041,0.0013,munin
31,0.7308518253400144,0.1,0.04819447722445126,0.9608641838468928,1041,0.0013,munin
37,0.7573371510379384,0.1,0.041702798581001184,0.9531330820956181,1041,0.0013,munin
43,0.7845382963493199,0.1,0.03702327466810796,0.9453133082095618,1041,0.0013,munin
49,0.80386542591267,0.1,0.03319833269281935,0.9375101603487771,1041,0.0013,munin
55,0.8253400143163923,0.1,0.03030701293239407,0.9297199438409813,1041,0.0013,munin
61,0.8375089477451683,0.1,0.027673967548133782,0.9218983226187837,1041,0.0013,munin
67,0.8561202576950608,0.1,0.025725962572596257,0.9141173427916944,1041,0.0013,munin
73,0.8668575518969219,0.1,0.02384374569296501,0.9061756447203133,1041,0.0013,munin
79,0.8790264853256979,0.1,0.02231185726225517,0.8983263134559965,1041,0.0013,munin
85,0.8883321403006442,0.1,0.02092254779647301,0.8904271041158649,1041,0.0013,munin
91,0.9005010737294202,0.1,0.019782362561328468,0.8825242001034508,1041,0.0013,munin
97,0.9105225483178239,0.1,0.018740883709280568,0.8746157540826128,1041,0.0013,munin
103,0.9162491052254832,0.1,0.01776248230690239,0.866877262986773,1041,0.0013,munin
109,0.9219756621331424,0.1,0.01688405322147211,0.8590759624621296,1041,0.0013,munin
115,0.9298496778811739,0.1,0.016129432800238402,0.8512229365255302,1041,0.0013,munin
121,0.9341445955619184,0.1,0.015400955921402018,0.8434659720682776,1041,0.0013,munin
127,0.9405869720830351,0.1,0.014772510090051602,0.8356812975689056,1041,0.0013,munin
133,0.9420186113099499,0.1,0.014134579238494174,0.8280037685657282,1041,0.0013,munin
139,0.9441660701503222,0.1,0.013561308630297546,0.8203243922264095,1041,0.0013,munin
145,0.9463135289906943,0.1,0.013021808081007072,0.8124547402645386,1041,0.0013,munin
151,0.9498926270579814,0.1,0.01255463679539821,0.8047402645385354,1041,0.0013,munin
157,0.952755905511811,0.1,0.01211972209322443,0.7971236976280204,1041,0.0013,munin
163,0.9549033643521833,0.1,0.011704937307513447,0.7894609473139732,1041,0.0013,munin
169,0.9591982820329277,0.1,0.011348526808777324,0.7818720904455775,1041,0.0013,munin
175,0.9620615604867573,0.1,0.010996833501067773,0.7742241188206606,1041,0.0013,munin
181,0.9634931997136722,0.1,0.010652358001535333,0.7665761471957437,1041,0.0013,munin
187,0.9642090193271295,0.1,0.010323104748474908,0.7589521909406636,1041,0.0013,munin
193,0.964924838940587,0.1,0.01001813371384405,0.7514298381733541,1041,0.0013,munin
199,0.9670722977809592,0.1,0.009746349627748601,0.7439296534397399,1041,0.0013,munin
205,0.9670722977809592,0.1,0.009467480500914512,0.7363869799748762,1041,0.0013,munin
211,0.9692197566213314,0.1,0.009224061584576606,0.7288295278208823,1041,0.0013,munin
217,0.9706513958482462,0.1,0.008985666668875533,0.7212240449272149,1041,0.0013,munin
223,0.9706513958482462,0.1,0.008751605429093279,0.7137681962609916,1041,0.0013,munin
229,0.972083035075161,0.1,0.00854152514655194,0.7062957215694968,1041,0.0013,munin
235,0.9742304939155333,0.1,0.008347849554699575,0.6988177048695781,1041,0.0013,munin
241,0.9756621331424481,0.1,0.008160259595639081,0.69144129165743,1041,0.0013,munin
247,0.9763779527559056,0.1,0.007972878185644143,0.6839577329490875,1041,0.0013,munin
253,0.9770937723693629,0.1,0.007793720488063903,0.676455700879332,1041,0.0013,munin
259,0.9792412312097352,0.1,0.007635590334950129,0.6690294095913693,1041,0.0013,munin
265,0.9799570508231925,0.1,0.007474829099962872,0.6616640803960688,1041,0.0013,munin
271,0.98067287043665,0.1,0.007321465789515875,0.6543246139067465,1041,0.0013,munin
277,0.9813886900501074,0.1,0.007173916456053875,0.6469574373753048,1041,0.0013,munin
283,0.9828203292770222,0.1,0.0070394372551834455,0.6396881696593513,1041,0.0013,munin
289,0.9835361488904796,0.1,0.006904834892030293,0.6323967339097022,1041,0.0013,munin
295,0.9849677881173944,0.1,0.006779159995073285,0.6250369467228257,1041,0.0013,munin
301,0.9856836077308518,0.1,0.006656096830015758,0.6178267937633932,1041,0.0013,munin
307,0.9856836077308518,0.1,0.006530987805977016,0.6105058006354837,1041,0.0013,munin
313,0.9863994273443092,0.1,0.006416942964646276,0.6032956476760511,1041,0.0013,munin
319,0.9863994273443092,0.1,0.00630184848124537,0.5960503953299342,1041,0.0013,munin
325,0.9871152469577666,0.1,0.006195887081193528,0.5888439370427843,1041,0.0013,munin
331,0.9871152469577666,0.1,0.0060892411630936345,0.5816430207640583,1041,0.0013,munin
337,0.9871152469577666,0.1,0.005988570038910506,0.574610212074189,1041,0.0013,munin
343,0.9871152469577666,0.1,0.005891903439436018,0.5676309761324171,1041,0.0013,munin
349,0.9871152469577666,0.1,0.005797503584025965,0.5605907780979827,1041,0.0013,munin
355,0.9885468861846815,0.1,0.005714427584837112,0.5535561220719722,1041,0.0013,munin
361,0.9885468861846815,0.1,0.00562552955745291,0.5465011453484075,1041,0.0013,munin
367,0.9885468861846815,0.1,0.005538910747732897,0.5394092219020173,1041,0.0013,munin
373,0.9885468861846815,0.1,0.005455328327019479,0.5323523978423114,1041,0.0013,munin
379,0.9885468861846815,0.1,0.0053752559182307195,0.5253860932535284,1041,0.0013,munin
385,0.9885468861846815,0.1,0.005297276563099348,0.5183994679671913,1041,0.0013,munin
391,0.9885468861846815,0.1,0.005222751682928674,0.5115273775216138,1041,0.0013,munin
397,0.9892627057981389,0.1,0.005153870250757045,0.5046405083869061,1041,0.0013,munin
403,0.9892627057981389,0.1,0.005084190815346752,0.4978515480676864,1041,0.0013,munin
409,0.9899785254115963,0.1,0.0050189253040205835,0.49095359491613094,1041,0.0013,munin
415,0.9899785254115963,0.1,0.004953030373572378,0.4841812606221828,1041,0.0013,munin
421,0.9899785254115963,0.1,0.004889154420212747,0.4774421783787778,1041,0.0013,munin
427,0.9899785254115963,0.1,0.004827174584559324,0.47073265351363336,1041,0.0013,munin
433,0.9899785254115963,0.1,0.004766549369802204,0.46400096061479346,1041,0.0013,munin
439,0.9899785254115963,0.1,0.0047085980430208564,0.4574041232542673,1041,0.0013,munin
445,0.9899785254115963,0.1,0.004652023276934979,0.4508054385575999,1041,0.0013,munin
451,0.9906943450250537,0.1,0.004600222698642203,0.4442196852139215,1041,0.0013,munin
457,0.9906943450250537,0.1,0.004546216030667249,0.43761730584497155,1041,0.0013,munin
463,0.9906943450250537,0.1,0.004493812889839892,0.4310592625434124,1041,0.0013,munin
469,0.9906943450250537,0.1,0.004443573994817971,0.42462683809946056,1041,0.0013,munin
475,0.9906943450250537,0.1,0.00439388792411019,0.4181205202098574,1041,0.0013,munin
481,0.9906943450250537,0.1,0.00434652890096258,0.4117804625729698,1041,0.0013,munin
487,0.9906943450250537,0.1,0.004299084580761597,0.40528892337249683,1041,0.0013,munin
493,0.9906943450250537,0.1,0.004253187585855078,0.3988712776176753,1041,0.0013,munin
499,0.9906943450250537,0.1,0.004208337007519666,0.3924647158797015,1041,0.0013,munin
505,0.9906943450250537,0.1,0.004165024030142255,0.38614682627650926,1041,0.0013,munin
511,0.9906943450250537,0.1,0.004123195357234361,0.37991945614424,1041,0.0013,munin
517,0.9906943450250537,0.1,0.004081789144918261,0.3736292765831671,1041,0.0013,munin
523,0.9906943450250537,0.1,0.004041277090280495,0.36735018103894185,1041,0.0013,munin
529,0.9914101646385111,0.1,0.0040045220740243855,0.3610821695115643,1041,0.0013,munin
535,0.9914101646385111,0.1,0.003966378853616278,0.35493792950565284,1041,0.0013,munin
541,0.9914101646385111,0.1,0.003929022283371867,0.34880477351658906,1041,0.0013,munin
547,0.9921259842519685,0.1,0.003895983426610185,0.34280832040198034,1041,0.0013,munin
553,0.9921259842519685,0.1,0.003860670464199663,0.3367970885982413,1041,0.0013,munin
559,0.9921259842519685,0.1,0.003826308771522987,0.3308412768787409,1041,0.0013,munin
565,0.9921259842519685,0.1,0.0037925014639165104,0.324876228478534,1041,0.0013,munin
571,0.9928418038654259,0.1,0.0037624272674253007,0.318988768196261,1041,0.0013,munin
577,0.9928418038654259,0.1,0.003730610642057726,0.31318074336806323,1041,0.0013,munin
583,0.9942734430923408,0.1,0.003704899055504136,0.3074170546072563,1041,0.0013,munin
589,0.9942734430923408,0.1,0.003674262965069372,0.30164228182960173,1041,0.0013,munin
595,0.9949892627057981,0.1,0.0036466764086271444,0.29585273036281684,1041,0.0013,munin
601,0.9957050823192556,0.1,0.0036202463120855325,0.2902017291066282,1041,0.0013,munin
607,0.9957050823192556,0.1,0.0035915682062298603,0.2845341018251681,1041,0.0013,munin
613,0.9957050823192556,0.1,0.003563249601664045,0.27884800118229514,1041,0.0013,munin
619,0.9957050823192556,0.1,0.0035358503707431893,0.27325980935491023,1041,0.0013,munin
625,0.9957050823192556,0.1,0.003509125998057493,0.2677251902756225,1041,0.0013,munin
631,0.9957050823192556,0.1,0.003483055473480201,0.26224414394443213,1041,0.0013,munin
637,0.9957050823192556,0.1,0.0034575241541991144,0.25679634966378484,1041,0.0013,munin
643,0.9957050823192556,0.1,0.003432779465513029,0.2514390748540604,1041,0.0013,munin
649,0.9957050823192556,0.1,0.003408186016881669,0.24603746397694526,1041,0.0013,munin
655,0.9957050823192556,0.1,0.003383884826280938,0.24062292174684105,1041,0.0013,munin
661,0.9957050823192556,0.1,0.003360081936721275,0.23524347890342126,1041,0.0013,munin
667,0.9957050823192556,0.1,0.003337083854127932,0.22997302889233726,1041,0.0013,munin
673,0.9957050823192556,0.1,0.003313608903626627,0.22451784526712482,1041,0.0013,munin
679,0.9957050823192556,0.1,0.003291287198525428,0.2192584792728885,1041,0.0013,munin
685,0.9957050823192556,0.1,0.0032686573126514194,0.21385317372349072,1041,0.0013,munin
691,0.9957050823192556,0.1,0.003247170106425942,0.20865107514963424,1041,0.0013,munin
697,0.9957050823192556,0.1,0.003226158088704272,0.20349700731545112,1041,0.0013,munin
703,0.9964209019327129,0.1,0.0032074989112476754,0.1982875193970295,1041,0.0013,munin
709,0.9964209019327129,0.1,0.0031868788505257663,0.19310019951230326,1041,0.0013,munin
715,0.9964209019327129,0.1,0.0031665006073675734,0.18790733761915318,1041,0.0013,munin
721,0.9964209019327129,0.1,0.00314675118285744,0.1828105372053499,1041,0.0013,munin
727,0.9964209019327129,0.1,0.0031274714213818393,0.17777285154806768,1041,0.0013,munin
733,0.9964209019327129,0.1,0.0031083154136270154,0.17270560851252495,1041,0.0013,munin
739,0.9964209019327129,0.1,0.003089529778894428,0.16767531219980789,1041,0.0013,munin
745,0.9964209019327129,0.1,0.0030708275792083795,0.16260622182812384,1041,0.0013,munin
751,0.9964209019327129,0.1,0.003052772167139276,0.15765351363334074,1041,0.0013,munin
757,0.9964209019327129,0.1,0.0030349013657056147,0.15269341609399245,1041,0.0013,munin
763,0.9971367215461704,0.1,0.00301954357853848,0.14777211261361117,1041,0.0013,munin
769,0.9971367215461704,0.1,0.003002556376067492,0.14295056528485922,1041,0.0013,munin
775,0.9971367215461704,0.1,0.002985714438812144,0.1381160866031183,1041,0.0013,munin
781,0.9971367215461704,0.1,0.00296907937225179,0.13328714992980123,1041,0.0013,munin
787,0.9971367215461704,0.1,0.002953273405698779,0.12864848887903643,1041,0.0013,munin
793,0.9971367215461704,0.1,0.0029374242184617007,0.12394701839946796,1041,0.0013,munin
799,0.9971367215461704,0.1,0.002921989386025633,0.11931944136555088,1041,0.0013,munin
805,0.9971367215461704,0.1,0.0029067401733193386,0.11469925367619892,1041,0.0013,munin
811,0.9971367215461704,0.1,0.0028919254452070436,0.11016404344934605,1041,0.0013,munin
817,0.9971367215461704,0.1,0.002877403602848072,0.10567316928988399,1041,0.0013,munin
823,0.9971367215461704,0.1,0.0028628915410084037,0.10113980639917239,1041,0.0013,munin
829,0.9971367215461704,0.1,0.002849101909082356,0.09678932978644794,1041,0.0013,munin
835,0.9971367215461704,0.1,0.0028355310564948523,0.09246656321584275,1041,0.0013,munin
841,0.9971367215461704,0.1,0.0028224205143167432,0.08825094214143206,1041,0.0013,munin
847,0.9971367215461704,0.1,0.0028095893118623965,0.08408704647897731,1041,0.0013,munin
853,0.9971367215461704,0.1,0.0027968405539872546,0.07991206679967487,1041,0.0013,munin
859,0.9971367215461704,0.1,0.002784513070020609,0.07583869060814306,1041,0.0013,munin
865,0.9971367215461704,0.1,0.0027726358949861666,0.07187984925737087,1041,0.0013,munin
871,0.9971367215461704,0.1,0.002760881500111981,0.06792839725116383,1041,0.0013,munin
877,0.9971367215461704,0.1,0.002749465107649553,0.06405822803517328,1041,0.0013,munin
883,0.9971367215461704,0.1,0.0027384710956636616,0.06030074632380108,1041,0.0013,munin
889,0.9971367215461704,0.1,0.002727842400031332,0.05663932609177566,1041,0.0013,munin
895,0.9971367215461704,0.1,0.002717168682924165,0.05293356979235942,1041,0.0013,munin
901,0.9971367215461704,0.1,0.0027069042575931287,0.0493423483337028,1041,0.0013,munin
907,0.9971367215461704,0.1,0.002697176580839784,0.0459136924554792,1041,0.0013,munin
913,0.9971367215461704,0.1,0.002687871198292729,0.04261065543486293,1041,0.0013,munin
919,0.9971367215461704,0.1,0.00267863495378249,0.03930946575038794,1041,0.0013,munin
925,0.9971367215461704,0.1,0.0026699633910260098,0.036189315007758814,1041,0.0013,munin
931,0.9978525411596277,0.1,0.0026635585447875266,0.03317815709746545,1041,0.0013,munin
937,0.9978525411596277,0.1,0.0026553038456190343,0.03017254119559595,1041,0.0013,munin
943,0.9978525411596277,0.1,0.0026476682855303218,0.02737567427769157,1041,0.0013,munin
949,0.9978525411596277,0.1,0.0026402415233852668,0.024639769452449566,1041,0.0013,munin
955,0.9978525411596277,0.1,0.0026333884946992195,0.022101529594324983,1041,0.0013,munin
961,0.9985683607730852,0.1,0.002628400670006651,0.01954296903864627,1041,0.0013,munin
967,0.9985683607730852,0.1,0.002621860111076654,0.0170970959875859,1041,0.0013,munin
973,0.9992841803865425,0.1,0.0026176832378266477,0.014823025197664968,1041,0.0013,munin
979,0.9992841803865425,0.1,0.0026120603842497998,0.012702283307470627,1041,0.0013,munin
985,0.9992841803865425,0.1,0.002606763393273953,0.010696076258035913,1041,0.0013,munin
991,0.9992841803865425,0.1,0.0026018466401511904,0.008826572083056233,1041,0.0013,munin
997,0.9992841803865425,0.1,0.002597378433944536,0.007121480824650853,1041,0.0013,munin
1003,1.0,0.1,0.0025951155355839195,0.005543855759994089,1041,0.0013,munin
1009,1.0,0.1,0.0025915097909725675,0.004160200990172172,1041,0.0013,munin
1015,1.0,0.1,0.002588283247489532,0.0029187911032291436,1041,0.0013,munin
1021,1.0,0.1,0.002585562308905291,0.0018695041749796793,1041,0.0013,munin
1027,1.0,0.1,0.002583276933944296,0.000986477499445799,1041,0.0013,munin
1033,1.0,0.1,0.002581625185721783,0.0003472991945614424,1041,0.0013,munin
1039,1.0,0.1,0.002580766729723339,1.4778689130274145e-05,1041,0.0013,munin
